{"time.time()": [21.806806564331055, 22.453394174575806, 29.456831455230713, 31.224360704421997, 29.9101665019989, 29.32563543319702], "IoU": [0.38926568627357483, 0.5797772407531738, 0.4181722402572632, 0.6050546169281006, 0.6105849146842957, 0.488210529088974], "Mean-IoU": [0.5151775379975637]}