{"Jaccard": 0.7461915016174316, "Overall_acc": 0.8854394555091858, "per_class_acc": 0.8677856922149658, "dice": 0.8436073660850525, "time_taken": 0.08955275909948486, "cuda_time": 0, "IoU": 0}