{"Jaccard": 0.4104503095149994, "Overall_acc": 0.8207995891571045, "per_class_acc": 0.6603977084159851, "dice": 0.4498880207538605, "time_taken": 1.7372476657231648, "cuda_time": 0, "IoU": 0}