{"Jaccard": 0.6371781826019287, "Overall_acc": 0.7964653372764587, "per_class_acc": 0.7502591013908386, "dice": 0.7568033337593079, "time_taken": 0.021730442101770962, "cuda_time": 0, "IoU": 0}