{"time.time()": [3.603275775909424, 3.550229072570801, 3.5962703227996826, 3.694359064102173, 3.5832595825195312, 3.6603291034698486], "IoU": [0.8968152403831482, 0.9050360321998596, 0.9301478266716003, 0.8968605995178223, 0.9381609559059143, 0.9086351990699768], "Mean-IoU": [0.9126093089580536]}