{"IoU": [0.4593924880027771, 0.46459174156188965, 0.46528610587120056, 0.46853598952293396, 0.4530669152736664, 0.47140535712242126, 0.46442288160324097, 0.4785606861114502], "Mean-IoU": [0.4656577706336975]}