{"cuda_time": [150.0958709716797, 157.02732849121094, 138.09869384765625, 184.34457397460938, 128.29183959960938, 131.14060974121094], "time.time()": [0.15015077590942383, 0.1570730209350586, 0.13814806938171387, 0.18439126014709473, 0.1283397674560547, 0.13118958473205566], "IoU": [0.8981229066848755, 0.921630859375, 0.9570314884185791, 0.9334526062011719, 0.9098533391952515, 0.923468828201294], "Mean-IoU": [0.9239266713460287]}