{"time.time()": [28.09452533721924, 27.697164058685303, 28.37077498435974, 27.92036533355713, 26.42801070213318, 26.029649019241333], "IoU": [0.7616090774536133, 0.4014005959033966, 0.4191659688949585, 0.4874587953090668, 0.48315685987472534, 0.2965220808982849], "Mean-IoU": [0.47488556305567425]}