{"time.time()": [4.121747970581055, 4.035670042037964, 4.135769844055176, 4.076716184616089, 4.0216662883758545, 3.947599172592163], "IoU": [0.0010313799139112234, 0.0034609450958669186, 0.0017992669017985463, 0.004026726353913546, 0.0037088992539793253, 0.00205811089836061], "Mean-IoU": [0.0026808880696383617]}