{"IoU": [0.0013415735447779298, 0.0013078004121780396, 0.0012615704908967018, 0.001257847179658711, 0.0012803064892068505, 0.0012282539391890168, 0.00126524711959064, 0.001401663525030017], "Mean-IoU": [0.0012930328375659883]}