{"time.time()": [4.047688961029053, 3.939591646194458, 4.039682865142822, 3.963613510131836, 4.025660753250122, 4.01265811920166], "IoU": [0.004286618437618017, 0.004362138919532299, 0.0030082848388701677, 0.0063071781769394875, 0.0034944750368595123, 0.0014930949546396732], "Mean-IoU": [0.003825298394076526]}