{"time.time()": [4.15978217124939, 4.076707363128662, 4.115750789642334, 4.007652759552002, 4.121756315231323, 4.0486900806427], "IoU": [0.00200402969494462, 0.0023091568145900965, 0.0025862494949251413, 0.0028662674594670534, 0.002615960780531168, 0.004846701864153147], "Mean-IoU": [0.0028713943514352045]}